id_videojuego,id_consola
1,1
2,1
3,1
4,2
5,1
6,1
7,2
8,2
9,1
10,1
11,3
12,4
13,2
14,2
15,3
16,2
17,2
18,3
19,3
20,5
21,6
22,4
23,3
24,3
25,4
26,1
27,4
28,2
29,5
30,3
31,6
32,2
33,1
34,5
35,3
36,5
37,4
38,4
39,4
40,2
41,1
42,3
43,3
44,5
45,3
46,4
47,1
48,3
49,3
50,5
51,2
52,3
53,6
54,1
55,1
56,2
57,4
58,7
59,1
60,2
61,1
62,6
63,6
64,5
65,3
66,3
67,1
68,8
69,1
70,4
71,9
72,6
73,1
74,4
75,4
76,1
77,3
78,4
79,4
80,4
81,2
82,4
83,6
84,1
85,4
86,4
87,3
88,3
89,7
90,3
91,3
92,3
93,4
94,4
95,4
96,2
97,1
98,2
99,6
100,4
101,3
102,4
103,3
104,4
105,4
106,4
107,3
108,3
109,2
110,7
111,9
112,3
113,2
114,5
115,2
116,3
117,8
118,7
119,4
120,8
121,4
122,9
123,1
124,3
125,2
126,4
127,2
128,4
129,7
130,4
131,4
132,6
133,3
134,1
135,3
136,1
137,1
138,5
139,9
140,6
141,3
142,6
143,4
144,9
145,1
146,3
147,4
148,3
149,3
150,3
151,8
152,9
153,4
154,4
155,7
156,5
157,6
158,4
159,3
160,4
161,3
162,6
163,7
164,1
165,1
166,8
167,7
168,3
169,3
170,6
171,6
172,4
173,2
174,3
175,1
176,6
177,4
178,5
179,4
180,7
181,4
182,6
183,2
184,2
185,1
186,5
187,6
188,1
189,3
190,1
191,7
192,1
193,6
194,4
195,2
196,2
197,1
198,4
199,4
200,6
201,6
202,7
203,2
204,3
205,3
206,3
207,2
208,3
209,3
210,3
211,2
212,8
213,3
214,2
215,8
216,4
217,5
218,3
219,6
220,4
221,3
222,6
223,2
224,2
225,3
226,2
227,1
228,6
229,8
230,1
231,5
232,8
233,4
234,6
235,5
236,3
237,9
238,4
239,1
240,2
241,2
242,2
243,2
244,4
245,8
246,2
247,4
248,4
249,3
250,3
251,3
252,5
253,7
254,3
255,3
256,3
257,1
258,3
259,4
260,8
261,3
262,6
263,7
264,5
265,4
266,7
267,7
268,2
269,3
270,4
271,3
272,1
273,1
274,6
275,8
276,3
277,4
278,1
279,2
280,8
281,3
282,4
283,7
284,1
285,4
286,4
287,3
288,3
289,4
290,7
291,4
292,2
293,3
294,2
295,4
296,7
297,2
298,5
299,6
300,4
301,1
302,3
303,6
304,3
305,3
306,6
307,3
308,3
309,2
310,3
311,5
312,4
313,4
314,3
315,2
316,1
317,3
318,3
319,4
320,1
321,3
322,3
323,3
324,2
325,1
326,4
327,4
328,6
329,3
330,2
331,3
332,4
333,1
334,3
335,1
336,4
337,3
338,4
339,1
340,4
341,3
342,4
343,3
344,3
345,1
346,4
347,3
348,7
349,3
350,4
351,8
352,8
353,7
354,6
355,3
356,1
357,7
358,4
359,3
360,4
361,3
362,6
363,6
364,4
365,3
366,7
367,4
368,3
369,2
370,3
371,1
372,1
373,3
374,5
375,8
376,1
377,2
378,3
379,7
380,2
381,4
382,7
383,4
384,4
385,1
386,5
387,4
388,4
389,5
390,4
391,1
392,4
393,1
394,1
395,4
396,1
397,2
398,9
399,2
400,3
401,3
402,8
403,3
404,3
405,1
406,2
407,4
408,3
409,4
410,8
411,3
412,2
413,3
414,7
415,1
416,6
417,8
418,7
419,2
420,6
421,2
422,2
423,1
424,4
425,4
426,4
427,1
428,1
429,3
430,3
431,3
432,3
433,1
434,2
435,6
436,7
437,4
438,1
439,4
440,7
441,7
442,4
443,3
444,4
445,3
446,4
447,3
448,5
449,4
450,2
451,4
452,2
453,4
454,3
455,2
456,3
457,1
458,4
459,6
460,3
461,4
462,3
463,3
464,3
465,2
466,8
467,4
468,5
469,6
470,4
471,8
472,3
473,6
474,2
475,1
476,4
477,3
478,2
479,3
480,3
481,7
482,3
483,7
484,3
485,4
486,3
487,4
488,1
489,3
490,3
491,1
492,7
493,1
494,1
495,1
496,6
497,1
498,4
499,6
500,4
501,5
502,4
503,5
504,6
505,2
506,1
507,5
508,1
509,4
510,4
511,7
512,6
513,3
514,5
515,7
516,1
517,2
518,6
519,3
520,4
521,4
522,4
523,3
524,2
525,5
526,4
527,4
528,9
529,1
530,9
531,4
532,4
533,4
534,3
535,3
536,4
537,4
538,3
539,2
540,4
541,1
542,8
543,1
544,6
545,4
546,6
547,1
548,3
549,6
550,6
551,2
552,7
553,7
554,1
555,2
556,2
557,1
558,6
559,1
560,2
561,1
562,2
563,8
564,4
565,3
566,4
567,3
568,3
569,7
570,3
571,7
572,1
573,1
574,1
575,1
576,4
577,6
578,7
579,6
580,4
581,3
582,3
583,1
584,3
585,2
586,1
587,3
588,6
589,3
590,7
591,4
592,3
593,3
594,4
595,3
596,2
597,1
598,3
599,2
600,8
601,1
602,2
603,3
604,2
605,6
606,7
607,4
608,4
609,3
610,3
611,6
612,1
613,2
614,2
615,3
616,1
617,2
618,5
619,2
620,2
621,4
622,6
623,6
624,3
625,4
626,1
627,4
628,8
629,4
630,4
631,7
632,2
633,9
634,8
635,1
636,5
637,7
638,3
639,2
640,7
641,4
642,1
643,2
644,1
645,8
646,9
647,3
648,4
649,4
650,8
651,1
652,3
653,7
654,5
655,4
656,7
657,2
658,3
659,4
660,1
661,2
662,3
663,1
664,1
665,2
666,4
667,2
668,4
669,3
670,4
671,2
672,3
673,1
674,2
675,3
676,3
677,2
678,3
679,4
680,1
681,4
682,5
683,3
684,8
685,4
686,7
687,1
688,1
689,2
690,2
691,2
692,7
693,4
694,3
695,3
696,1
697,4
698,4
699,3
700,1
701,3
702,1
703,5
704,4
705,3
706,3
707,2
708,6
709,1
710,3
711,3
712,4
713,1
714,1
715,4
716,7
717,6
718,2
719,2
720,4
721,1
722,4
723,3
724,5
725,3
726,4
727,1
728,1
729,2
730,3
731,4
732,4
733,8
734,4
735,2
736,4
737,4
738,3
739,5
740,8
741,1
742,4
743,4
744,2
745,2
746,3
747,4
748,8
749,3
750,4
751,3
752,3
753,4
754,2
755,3
756,7
757,4
758,3
759,4
760,3
761,6
762,3
763,4
764,2
765,2
766,8
767,4
768,4
769,7
770,4
771,3
772,4
773,2
774,3
775,3
776,3
777,3
778,1
779,2
780,1
781,1
782,4
783,4
784,1
785,1
786,8
787,1
788,9
789,4
790,3
791,8
792,1
793,2
794,4
795,3
796,2
797,6
798,8
799,3
800,5
801,4
802,7
803,5
804,3
805,3
806,8
807,1
808,1
809,5
810,2
811,2
812,7
813,2
814,9
815,4
816,7
817,2
818,3
819,1
820,4
821,4
822,4
823,7
824,2
825,4
826,2
827,4
828,8
829,1
830,4
831,7
832,3
833,4
834,4
835,6
836,1
837,7
838,1
839,4
840,4
841,4
842,5
843,2
844,4
845,1
846,1
847,8
848,6
849,2
850,1
851,4
852,4
853,9
854,1
855,5
856,8
857,6
858,5
859,3
860,4
861,4
862,4
863,2
864,4
865,7
866,3
867,4
868,1
869,2
870,3
871,6
872,7
873,3
874,8
875,4
876,1
877,7
878,4
879,2
880,3
881,4
882,3
883,7
884,4
885,4
886,4
887,1
888,7
889,2
890,4
891,4
892,5
893,4
894,4
895,1
896,3
897,4
898,5
899,5
900,6
901,3
902,6
903,4
904,4
905,3
906,3
907,4
908,4
909,3
910,3
911,7
912,6
913,4
914,8
915,1
916,9
917,4
918,4
919,3
920,5
921,4
922,2
923,4
924,1
925,4
926,2
927,3
928,4
929,2
930,7
931,1
932,4
933,2
934,4
935,1
936,3
937,4
938,7
939,1
940,2
941,1
942,3
943,1
944,4
945,3
946,4
947,9
948,2
949,4
950,3
951,3
952,2
953,3
954,3
955,7
956,3
957,2
958,4
959,4
960,1
961,3
962,3
963,2
964,3
965,4
966,2
967,1
968,4
969,3
970,4
971,3
972,2
973,7
974,6
975,4
976,4
977,2
978,3
979,1
980,4
981,1
982,4
983,6
984,2
985,3
986,3
987,1
988,2
989,3
990,1
991,1
992,2
993,2
994,3
995,3
996,6
997,2
998,8
999,2
1000,4
1001,6
1002,4
1003,1
1004,4
1005,1
1006,1
1007,7
1008,1
1009,3
1010,1
1011,1
1012,3
1013,9
1014,2
1015,4
1016,1
1017,3
1018,4
1019,9
1020,3
1021,5
1022,3
1023,7
1024,1
1025,2
1026,4
1027,4
1028,6
1029,1
1030,3
1031,4
1032,3
1033,3
1034,2
1035,4
1036,4
1037,1
1038,4
1039,3
1040,2
1041,3
1042,2
1043,2
1044,3
1045,3
1046,3
1047,4
1048,1
1049,1
1050,4
1051,1
1052,4
1053,1
1054,1
1055,7
1056,7
1057,2
1058,7
1059,1
1060,3
1061,4
1062,2
1063,4
1064,4
1065,4
1066,3
1067,7
1068,4
1069,4
1070,3
1071,3
1072,2
1073,6
1074,4
1075,1
1076,7
1077,3
1078,4
1079,3
1080,1
1081,3
1082,1
1083,4
1084,2
1085,4
1086,2
1087,1
1088,2
1089,3
1090,4
1091,5
1092,2
1093,4
1094,2
1095,7
1096,5
1097,4
1098,3
1099,3
1100,2
1101,4
1102,1
1103,4
1104,4
1105,1
1106,6
1107,4
1108,3
1109,1
1110,3
1111,1
1112,4
1113,5
1114,3
1115,1
1116,7
1117,5
1118,3
1119,3
1120,3
1121,9
1122,3
1123,1
1124,4
1125,7
1126,1
1127,4
1128,4
1129,1
1130,4
1131,2
1132,3
1133,4
1134,2
1135,9
1136,3
1137,3
1138,3
1139,4
1140,3
1141,3
1142,3
1143,1
1144,7
1145,5
1146,3
1147,6
1148,4
1149,4
1150,4
1151,3
1152,6
1153,4
1154,4
1155,1
1156,4
1157,5
1158,3
1159,4
1160,4
1161,3
1162,3
1163,2
1164,4
1165,8
1166,4
1167,1
1168,4
1169,4
1170,1
1171,2
1172,4
1173,4
1174,2
1175,1
1176,7
1177,4
1178,1
1179,2
1180,4
1181,3
1182,4
1183,1
1184,6
1185,2
1186,4
1187,1
1188,1
1189,6
1190,5
1191,3
1192,1
1193,7
1194,9
1195,3
1196,1
1197,3
1198,3
1199,7
1200,2
1201,3
1202,1
1203,3
1204,5
1205,1
1206,8
1207,1
1208,4
1209,3
1210,8
1211,3
1212,1
1213,3
1214,4
1215,1
1216,4
1217,4
1218,4
1219,1
1220,6
1221,3
1222,2
1223,2
1224,3
1225,4
1226,5
1227,1
1228,4
1229,4
1230,2
1231,4
1232,5
1233,4
1234,3
1235,2
1236,3
1237,4
1238,3
1239,4
1240,2
1241,1
1242,1
1243,3
1244,8
1245,4
1246,1
1247,2
1248,4
1249,8
1250,5
1251,1
1252,3
1253,6
1254,2
1255,4
1256,4
1257,6
1258,4
1259,9
1260,2
1261,4
1262,4
1263,1
1264,4
1265,3
1266,6
1267,4
1268,3
1269,1
1270,2
1271,3
1272,4
1273,1
1274,3
1275,2
1276,4
1277,4
1278,1
1279,8
1280,1
1281,3
1282,6
1283,4
1284,5
1285,4
1286,1
1287,4
1288,3
1289,2
1290,4
1291,3
1292,6
1293,4
1294,2
1295,1
1296,6
1297,3
1298,4
1299,3
1300,5
1301,8
1302,4
1303,1
1304,3
1305,4
1306,1
1307,3
1308,1
1309,3
1310,3
1311,3
1312,4
1313,4
1314,1
1315,3
1316,3
1317,4
1318,2
1319,1
1320,3
1321,9
1322,4
1323,3
1324,4
1325,3
1326,2
1327,4
1328,2
1329,3
1330,5
1331,1
1332,3
1333,2
1334,1
1335,3
1336,4
1337,2
1338,3
1339,1
1340,5
1341,3
1342,3
1343,2
1344,7
1345,2
1346,2
1347,1
1348,4
1349,2
1350,6
1351,3
1352,3
1353,3
1354,3
1355,3
1356,1
1357,1
1358,3
1359,8
1360,4
1361,4
1362,2
1363,2
1364,2
1365,4
1366,1
1367,5
1368,3
1369,4
1370,7
1371,2
1372,6
1373,1
1374,4
1375,1
1376,3
1377,7
1378,2
1379,1
1380,4
1381,3
1382,3
1383,1
1384,4
1385,1
1386,7
1387,8
1388,2
1389,4
1390,4
1391,4
1392,1
1393,3
1394,4
1395,3
1396,4
1397,3
1398,4
1399,2
1400,4
1401,9
1402,3
1403,4
1404,4
1405,2
1406,3
1407,4
1408,2
1409,4
1410,3
1411,5
1412,5
1413,4
1414,9
1415,4
1416,1
1417,1
1418,7
1419,1
1420,4
1421,4
1422,4
1423,4
1424,2
1425,4
1426,2
1427,7
1428,3
1429,1
1430,2
1431,2
1432,3
1433,7
1434,2
1435,3
1436,3
1437,1
1438,4
1439,1
1440,3
1441,2
1442,3
1443,5
1444,7
1445,2
1446,1
1447,6
1448,2
1449,3
1450,3
1451,4
1452,3
1453,3
1454,4
1455,9
1456,4
1457,2
1458,7
1459,7
1460,1
1461,4
1462,3
1463,6
1464,4
1465,4
1466,5
1467,6
1468,1
1469,4
1470,5
1471,7
1472,8
1473,3
1474,3
1475,3
1476,4
1477,4
1478,4
1479,3
1480,3
1481,2
1482,3
1483,2
1484,4
1485,2
1486,9
1487,4
1488,2
1489,2
1490,4
1491,4
1492,4
1493,3
1494,4
1495,3
1496,5
1497,3
1498,1
1499,3
1500,3
1501,4
1502,4
1503,4
1504,4
1505,7
1506,4
1507,5
1508,3
1509,3
1510,2
1511,7
1512,8
1513,1
1514,1
1515,1
1516,4
1517,6
1518,4
1519,9
1520,6
1521,2
1522,6
1523,8
1524,8
1525,2
1526,2
1527,1
1528,7
1529,1
1530,4
1531,2
1532,4
1533,2
1534,8
1535,4
1536,4
1537,2
1538,4
1539,8
1540,1
1541,2
1542,1
1543,1
1544,7
1545,6
1546,7
1547,1
1548,3
1549,7
1550,6
1551,1
1552,2
1553,1
1554,1
1555,7
1556,2
1557,2
1558,3
1559,4
1560,7
1561,2
1562,4
1563,9
1564,3
1565,1
1566,4
1567,7
1568,7
1569,4
1570,2
1571,4
1572,1
1573,2
1574,6
1575,3
1576,9
1577,4
1578,4
1579,8
1580,3
1581,2
1582,1
1583,2
1584,6
1585,3
1586,2
1587,1
1588,4
1589,4
1590,1
1591,2
1592,4
1593,7
1594,2
1595,8
1596,4
1597,4
1598,3
1599,8
1600,4
1601,3
1602,5
1603,6
1604,3
1605,7
1606,3
1607,3
1608,4
1609,2
1610,4
1611,4
1612,4
1613,6
1614,4
1615,4
1616,3
1617,1
1618,1
1619,4
1620,1
1621,1
1622,3
1623,4
1624,3
1625,3
1626,4
1627,4
1628,4
1629,5
1630,2
1631,1
1632,5
1633,3
1634,1
1635,4
1636,2
1637,6
1638,1
1639,3
1640,2
1641,7
1642,8
1643,2
1644,5
1645,3
1646,3
1647,1
1648,8
1649,4
1650,2
1651,3
1652,4
1653,4
1654,7
1655,5
1656,4
1657,8
1658,4
1659,4
1660,2
1661,2
1662,1
1663,4
1664,4
1665,6
1666,3
1667,7
1668,5
1669,2
1670,4
1671,1
1672,4
1673,6
1674,6
1675,4
1676,1
1677,1
1678,3
1679,9
1680,5
1681,1
1682,2
1683,3
1684,1
1685,4
1686,2
1687,1
1688,3
1689,2
1690,3
1691,2
1692,3
1693,1
1694,1
1695,3
1696,2
1697,3
1698,3
1699,1
1700,2
1701,1
1702,9
1703,1
1704,2
1705,4
1706,5
1707,4
1708,6
1709,8
1710,9
1711,1
1712,3
1713,4
1714,3
1715,5
1716,4
1717,3
1718,3
1719,6
1720,2
1721,4
1722,2
1723,7
1724,3
1725,3
1726,1
1727,7
1728,2
1729,1
1730,4
1731,7
1732,4
1733,3
1734,2
1735,1
1736,1
1737,3
1738,3
1739,4
1740,4
1741,3
1742,1
1743,3
1744,3
1745,6
1746,7
1747,4
1748,2
1749,4
1750,1
1751,1
1752,1
1753,9
1754,1
1755,6
1756,2
1757,1
1758,1
1759,7
1760,8
1761,1
1762,8
1763,7
1764,4
1765,3
1766,5
1767,3
1768,2
1769,2
1770,4
1771,2
1772,3
1773,4
1774,2
1775,4
1776,4
1777,4
1778,4
1779,4
1780,2
1781,1
1782,1
1783,4
1784,4
1785,5
1786,3
1787,3
1788,1
1789,3
1790,3
1791,4
1792,2
1793,3
1794,1
1795,7
1796,2
1797,3
1798,2
1799,4
1800,1
1801,1
1802,5
1803,1
1804,4
1805,2
1806,4
1807,3
1808,1
1809,3
1810,4
1811,3
1812,2
1813,2
1814,2
1815,3
1816,1
1817,3
1818,5
1819,1
1820,3
1821,3
1822,2
1823,1
1824,2
1825,2
1826,8
1827,2
1828,2
1829,1
1830,2
1831,1
1832,1
1833,2
1834,4
1835,3
1836,4
1837,2
1838,3
1839,4
1840,1
1841,4
1842,2
1843,4
1844,2
1845,5
1846,1
1847,3
1848,4
1849,7
1850,4
1851,2
1852,2
1853,6
1854,4
1855,3
1856,5
1857,1
1858,4
1859,3
1860,1
1861,4
1862,3
1863,4
1864,1
1865,3
1866,1
1867,3
1868,4
1869,4
1870,4
1871,2
1872,2
1873,8
1874,6
1875,1
1876,2
1877,4
1878,3
1879,4
1880,2
1881,3
1882,3
1883,1
1884,2
1885,4
1886,4
1887,2
1888,2
1889,2
1890,2
1891,5
1892,6
1893,3
1894,2
1895,1
1896,7
1897,2
1898,1
1899,4
1900,2
1901,2
1902,9
1903,3
1904,4
1905,9
1906,7
1907,9
1908,1
1909,1
1910,2
1911,4
1912,3
1913,3
1914,4
1915,2
1916,1
1917,4
1918,2
1919,8
1920,2
1921,1
1922,2
1923,2
1924,1
1925,3
1926,2
1927,4
1928,4
1929,4
1930,5
1931,1
1932,3
1933,4
1934,1
1935,4
1936,1
1937,4
1938,4
1939,2
1940,2
1941,7
1942,2
1943,1
1944,7
1945,3
1946,8
1947,4
1948,2
1949,7
1950,3
1951,3
1952,6
1953,1
1954,3
1955,2
1956,1
1957,1
1958,3
1959,3
1960,2
1961,4
1962,1
1963,4
1964,3
1965,4
1966,4
1967,9
1968,2
1969,8
1970,1
1971,3
1972,6
1973,7
1974,7
1975,2
1976,8
1977,4
1978,2
1979,3
1980,3
1981,3
1982,3
1983,3
1984,4
1985,4
1986,4
1987,2
1988,3
1989,3
1990,1
1991,1
1992,5
1993,4
1994,1
1995,3
1996,1
1997,2
1998,3
1999,2
2000,4
2001,3
2002,3
2003,8
2004,2
2005,3
2006,1
2007,4
2008,4
2009,3
2010,5
2011,1
2012,3
2013,5
2014,5
2015,3
2016,4
2017,4
2018,3
2019,3
2020,5
2021,1
2022,2
2023,2
2024,1
2025,5
2026,3
2027,2
2028,7
2029,3
2030,4
2031,5
2032,2
2033,3
2034,7
2035,4
2036,1
2037,2
2038,5
2039,5
2040,2
2041,7
2042,4
2043,1
2044,2
2045,4
2046,3
2047,1
2048,2
2049,2
2050,1
2051,1
2052,5
2053,1
2054,3
2055,3
2056,3
2057,1
2058,3
2059,7
2060,2
2061,3
2062,2
2063,9
2064,2
2065,4
2066,7
2067,1
2068,9
2069,3
2070,2
2071,1
2072,1
2073,4
2074,1
2075,2
2076,3
2077,3
2078,1
2079,1
2080,2
2081,1
2082,4
2083,5
2084,4
2085,3
2086,3
2087,1
2088,2
2089,3
2090,2
2091,4
2092,4
2093,4
2094,3
2095,1
2096,1
2097,1
2098,9
2099,3
2100,7
2101,2
2102,2
2103,4
2104,1
2105,7
2106,3
2107,3
2108,1
2109,1
2110,8
2111,7
2112,2
2113,3
2114,7
2115,3
2116,5
2117,1
2118,4
2119,2
2120,2
2121,2
2122,2
2123,4
2124,1
2125,1
2126,4
2127,7
2128,4
2129,5
2130,2
2131,2
2132,1
2133,2
2134,4
2135,2
2136,5
2137,3
2138,4
2139,8
2140,4
2141,4
2142,2
2143,1
2144,2
2145,8
2146,2
2147,3
2148,3
2149,3
2150,1
2151,3
2152,3
2153,3
2154,4
2155,1
2156,5
2157,3
2158,1
2159,1
2160,4
2161,4
2162,4
2163,8
2164,5
2165,1
2166,6
2167,1
2168,2
2169,2
2170,1
2171,5
2172,2
2173,7
2174,1
2175,3
2176,3
2177,3
2178,3
2179,1
2180,4
2181,3
2182,2
2183,6
2184,1
2185,4
2186,2
2187,1
2188,4
2189,1
2190,6
2191,4
2192,1
2193,5
2194,1
2195,2
2196,2
2197,3
2198,3
2199,3
2200,3
2201,4
2202,3
2203,2
2204,9
2205,1
2206,1
2207,2
2208,8
2209,4
2210,3
2211,2
2212,9
2213,1
2214,3
2215,4
2216,2
2217,3
2218,8
2219,1
2220,1
2221,3
2222,4
2223,3
2224,1
2225,2
2226,3
2227,1
2228,1
2229,4
2230,2
2231,2
2232,2
2233,2
2234,3
2235,4
2236,3
2237,1
2238,2
2239,1
2240,2
2241,1
2242,4
2243,5
2244,2
2245,7
2246,6
2247,2
2248,7
2249,8
2250,1
2251,9
2252,6
2253,2
2254,1
2255,4
2256,3
2257,1
2258,3
2259,7
2260,2
2261,2
2262,1
2263,1
2264,2
2265,4
2266,4
2267,7
2268,8
2269,1
2270,3
2271,9
2272,4
2273,2
2274,1
2275,2
2276,6
2277,2
2278,2
2279,2
2280,4
2281,3
2282,5
2283,3
2284,2
2285,1
2286,2
2287,2
2288,2
2289,1
2290,3
2291,2
2292,2
2293,2
2294,4
2295,6
2296,8
2297,3
2298,2
2299,1
2300,2
2301,3
2302,1
2303,4
2304,2
2305,1
2306,9
2307,5
2308,4
2309,1
2310,4
2311,4
2312,3
2313,2
2314,5
2315,7
2316,7
2317,7
2318,4
2319,4
2320,3
2321,3
2322,2
2323,3
2324,2
2325,2
2326,4
2327,1
2328,1
2329,4
2330,1
2331,3
2332,1
2333,3
2334,2
2335,4
2336,1
2337,1
2338,3
2339,4
2340,7
2341,1
2342,4
2343,9
2344,1
2345,3
2346,1
2347,1
2348,3
2349,1
2350,4
2351,3
2352,7
2353,8
2354,3
2355,7
2356,4
2357,2
2358,2
2359,4
2360,5
2361,3
2362,1
2363,3
2364,4
2365,4
2366,5
2367,9
2368,4
2369,1
2370,1
2371,4
2372,2
2373,2
2374,8
2375,8
2376,1
2377,1
2378,4
2379,8
2380,4
2381,3
2382,2
2383,3
2384,7
2385,1
2386,2
2387,2
2388,3
2389,3
2390,9
2391,3
2392,9
2393,4
2394,4
2395,4
2396,4
2397,7
2398,2
2399,2
2400,3
2401,3
2402,3
2403,4
2404,4
2405,5
2406,4
2407,1
2408,4
2409,4
2410,1
2411,2
2412,1
2413,1
2414,5
2415,2
2416,3
2417,2
2418,2
2419,6
2420,4
2421,5
2422,3
2423,2
2424,1
2425,2
2426,3
2427,5
2428,1
2429,7
2430,4
2431,4
2432,7
2433,1
2434,1
2435,9
2436,9
2437,4
2438,2
2439,4
2440,1
2441,4
2442,3
2443,1
2444,5
2445,4
2446,2
2447,1
2448,5
2449,3
2450,2
2451,1
2452,2
2453,6
2454,5
2455,2
2456,4
2457,2
2458,1
2459,1
2460,9
2461,4
2462,1
2463,4
2464,3
2465,2
2466,4
2467,5
2468,4
2469,4
2470,8
2471,1
2472,5
2473,6
2474,5
2475,2
2476,4
2477,1
2478,1
2479,4
2480,1
2481,2
2482,5
2483,9
2484,4
2485,7
2486,6
2487,1
2488,2
2489,1
2490,2
2491,4
2492,7
2493,2
2494,5
2495,5
2496,2
2497,1
2498,4
2499,3
2500,2
2501,2
2502,2
2503,9
2504,4
2505,2
2506,4
2507,2
2508,2
2509,3
2510,6
2511,3
2512,1
2513,3
2514,1
2515,7
2516,2
2517,8
2518,1
2519,7
2520,3
2521,1
2522,4
2523,7
2524,2
2525,4
2526,3
2527,6
2528,5
2529,2
2530,1
2531,7
2532,7
2533,4
2534,6
2535,6
2536,7
2537,1
2538,2
2539,2
2540,3
2541,2
2542,6
2543,2
2544,3
2545,3
2546,3
2547,3
2548,4
2549,1
2550,3
2551,2
2552,1
2553,9
2554,1
2555,4
2556,1
2557,7
2558,9
2559,1
2560,1
2561,3
2562,2
2563,3
2564,2
2565,4
2566,4
2567,1
2568,4
2569,1
2570,7
2571,1
2572,7
2573,4
2574,1
2575,1
2576,3
2577,4
2578,2
2579,2
2580,2
2581,1
2582,8
2583,4
2584,1
2585,1
2586,5
2587,4
2588,4
2589,3
2590,3
2591,5
2592,9
2593,2
2594,2
2595,4
2596,1
2597,2
2598,1
2599,1
2600,1
2601,2
2602,4
2603,4
2604,1
2605,3
2606,2
2607,3
2608,4
2609,3
2610,4
2611,2
2612,6
2613,3
2614,2
2615,4
2616,6
2617,2
2618,3
2619,2
2620,2
2621,4
2622,8
2623,2
2624,3
2625,3
2626,2
2627,1
2628,3
2629,2
2630,3
2631,3
2632,1
2633,4
2634,1
2635,1
2636,4
2637,4
2638,5
2639,1
2640,4
2641,2
2642,2
2643,2
2644,8
2645,2
2646,2
2647,3
2648,5
2649,2
2650,4
2651,8
2652,7
2653,2
2654,4
2655,6
2656,4
2657,3
2658,2
2659,2
2660,3
2661,2
2662,4
2663,4
2664,3
2665,2
2666,3
2667,1
2668,4
2669,3
2670,1
2671,2
2672,3
2673,1
2674,1
2675,4
2676,4
2677,1
2678,2
2679,3
2680,1
2681,1
2682,3
2683,1
2684,4
2685,6
2686,4
2687,7
2688,9
2689,3
2690,1
2691,2
2692,6
2693,4
2694,4
2695,3
2696,4
2697,3
2698,2
2699,4
2700,1
2701,3
2702,1
2703,4
2704,2
2705,3
2706,2
2707,4
2708,1
2709,3
2710,2
2711,2
2712,3
2713,3
2714,2
2715,4
2716,4
2717,5
2718,8
2719,4
2720,2
2721,1
2722,9
2723,2
2724,1
2725,7
2726,4
2727,3
2728,4
2729,7
2730,7
2731,4
2732,3
2733,4
2734,2
2735,3
2736,3
2737,2
2738,2
2739,8
2740,3
2741,4
2742,2
2743,1
2744,7
2745,3
2746,3
2747,3
2748,1
2749,6
2750,3
2751,3
2752,7
2753,6
2754,2
2755,3
2756,3
2757,3
2758,1
2759,6
2760,2
2761,1
2762,1
2763,3
2764,2
2765,2
2766,6
2767,1
2768,1
2769,3
2770,2
2771,3
2772,3
2773,3
2774,2
2775,8
2776,1
2777,4
2778,7
2779,8
2780,7
2781,3
2782,1
2783,1
2784,1
2785,2
2786,2
2787,4
2788,5
2789,1
2790,3
2791,2
2792,2
2793,5
2794,5
2795,2
2796,4
2797,6
2798,2
2799,2
2800,8
2801,3
2802,3
2803,2
2804,1
2805,7
2806,2
2807,3
2808,8
2809,5
2810,1
2811,1
2812,1
2813,1
2814,2
2815,1
2816,2
2817,3
2818,4
2819,1
2820,3
2821,2
2822,7
2823,4
2824,2
2825,4
2826,1
2827,2
2828,8
2829,4
2830,5
2831,2
2832,3
2833,2
2834,4
2835,3
2836,1
2837,4
2838,4
2839,1
2840,2
2841,9
2842,7
2843,2
2844,3
2845,3
2846,2
2847,1
2848,2
2849,2
2850,2
2851,2
2852,4
2853,7
2854,5
2855,6
2856,2
2857,3
2858,1
2859,6
2860,1
2861,2
2862,6
2863,2
2864,2
2865,2
2866,3
2867,6
2868,5
2869,3
2870,7
2871,2
2872,3
2873,5
2874,3
2875,7
2876,3
2877,5
2878,1
2879,1
2880,2
2881,7
2882,6
2883,4
2884,2
2885,1
2886,3
2887,2
2888,2
2889,2
2890,2
2891,4
2892,4
2893,3
2894,3
2895,4
2896,2
2897,3
2898,2
2899,1
2900,1
2901,3
2902,1
2903,2
2904,4
2905,2
2906,3
2907,3
2908,1
2909,2
2910,3
2911,4
2912,9
2913,1
2914,4
2915,4
2916,3
2917,1
2918,1
2919,4
2920,1
2921,4
2922,3
2923,1
2924,2
2925,1
2926,3
2927,1
2928,4
2929,2
2930,1
2931,1
2932,4
2933,3
2934,1
2935,5
2936,4
2937,7
2938,2
2939,3
2940,1
2941,5
2942,3
2943,5
2944,1
2945,3
2946,4
2947,3
2948,3
2949,1
2950,1
2951,2
2952,3
2953,2
2954,4
2955,2
2956,5
2957,1
2958,1
2959,5
2960,7
2961,4
2962,2
2963,1
2964,3
2965,2
2966,3
2967,7
2968,2
2969,4
2970,4
2971,2
2972,2
2973,2
2974,2
2975,4
2976,3
2977,2
2978,3
2979,1
2980,3
2981,4
2982,2
2983,2
2984,8
2985,3
2986,1
2987,6
2988,4
2989,4
2990,6
2991,3
2992,2
2993,1
2994,2
2995,9
2996,4
2997,2
2998,8
2999,2
3000,1
3001,4
3002,4
3003,2
3004,9
3005,2
3006,2
3007,2
3008,3
3009,3
3010,4
3011,4
3012,3
3013,6
3014,5
3015,6
3016,7
3017,2
3018,2
3019,2
3020,4
3021,1
3022,9
3023,2
3024,2
3025,3
3026,7
3027,1
3028,2
3029,4
3030,1
3031,1
3032,3
3033,7
3034,5
3035,1
3036,6
3037,2
3038,1
3039,2
3040,4
3041,1
3042,2
3043,3
3044,2
3045,2
3046,6
3047,3
3048,4
3049,2
3050,2
3051,7
3052,3
3053,5
3054,3
3055,3
3056,3
3057,4
3058,6
3059,2
3060,4
3061,6
3062,1
3063,4
3064,2
3065,7
3066,3
3067,5
3068,2
3069,7
3070,2
3071,1
3072,3
3073,2
3074,8
3075,4
3076,3
3077,1
3078,4
3079,2
3080,3
3081,3
3082,2
3083,3
3084,2
3085,6
3086,3
3087,3
3088,3
3089,1
3090,5
3091,2
3092,5
3093,3
3094,2
3095,2
3096,3
3097,4
3098,1
3099,2
3100,6
3101,5
3102,2
3103,4
3104,3
3105,2
3106,3
3107,2
3108,1
3109,4
3110,8
3111,4
3112,1
3113,1
3114,2
3115,1
3116,1
3117,4
3118,3
3119,4
3120,1
3121,3
3122,3
3123,1
3124,3
3125,2
3126,4
3127,1
3128,4
3129,1
3130,4
3131,5
3132,2
3133,1
3134,7
3135,2
3136,2
3137,4
3138,2
3139,1
3140,2
3141,5
3142,2
3143,1
3144,4
3145,1
3146,1
3147,4
3148,2
3149,2
3150,1
3151,2
3152,1
3153,2
3154,7
3155,4
3156,2
3157,5
3158,3
3159,4
3160,2
3161,5
3162,4
3163,4
3164,3
3165,3
3166,2
3167,4
3168,1
3169,4
3170,3
3171,2
3172,1
3173,2
3174,4
3175,3
3176,1
3177,3
3178,2
3179,3
3180,3
3181,1
3182,4
3183,3
3184,1
3185,4
3186,4
3187,2
3188,4
3189,9
3190,2
3191,7
3192,7
3193,2
3194,1
3195,4
3196,2
3197,2
3198,4
3199,6
3200,3
3201,4
3202,1
3203,5
3204,2
3205,4
3206,4
3207,2
3208,1
3209,3
3210,3
3211,3
3212,4
3213,4
3214,3
3215,2
3216,3
3217,4
3218,5
3219,1
3220,3
3221,3
3222,3
3223,3
3224,1
3225,3
3226,6
3227,1
3228,8
3229,2
3230,7
3231,7
3232,3
3233,5
3234,1
3235,3
3236,4
3237,1
3238,3
3239,4
3240,4
3241,1
3242,2
3243,4
3244,3
3245,2
3246,1
3247,1
3248,3
3249,4
3250,7
3251,2
3252,1
3253,4
3254,4
3255,3
3256,4
3257,2
3258,4
3259,4
3260,5
3261,3
3262,2
3263,2
3264,3
3265,2
3266,8
3267,2
3268,2
3269,4
3270,2
3271,1
3272,3
3273,3
3274,9
3275,7
3276,2
3277,3
3278,5
3279,3
3280,2
3281,7
3282,2
3283,2
3284,4
3285,1
3286,4
3287,4
3288,1
3289,2
3290,8
3291,5
3292,1
3293,1
3294,1
3295,4
3296,7
3297,5
3298,1
3299,1
3300,1
3301,2
3302,1
3303,2
3304,4
3305,1
3306,3
3307,4
3308,1
3309,4
3310,2
3311,1
3312,2
3313,2
3314,2
3315,4
3316,5
3317,6
3318,3
3319,3
3320,3
3321,1
3322,5
3323,2
3324,3
3325,2
3326,3
3327,8
3328,3
3329,2
3330,7
3331,4
3332,3
3333,9
3334,6
3335,3
3336,1
3337,3
3338,1
3339,2
3340,3
3341,4
3342,1
3343,2
3344,3
3345,3
3346,2
3347,1
3348,2
3349,6
3350,9
3351,7
3352,4
3353,2
3354,2
3355,9
3356,2
3357,2
3358,2
3359,5
3360,2
3361,1
3362,1
3363,2
3364,2
3365,8
3366,4
3367,5
3368,2
3369,3
3370,2
3371,4
3372,2
3373,4
3374,7
3375,3
3376,4
3377,4
3378,4
3379,4
3380,1
3381,1
3382,1
3383,6
3384,1
3385,3
3386,1
3387,2
3388,4
3389,8
3390,2
3391,9
3392,2
3393,3
3394,2
3395,2
3396,1
3397,2
3398,3
3399,3
3400,2
3401,1
3402,4
3403,2
3404,8
3405,7
3406,4
3407,1
3408,4
3409,6
3410,1
3411,7
3412,3
3413,1
3414,2
3415,4
3416,5
3417,2
3418,6
3419,5
3420,1
3421,2
3422,1
3423,1
3424,2
3425,1
3426,4
3427,1
3428,1
3429,1
3430,4
3431,1
3432,1
3433,2
3434,4
3435,1
3436,3
3437,2
3438,2
3439,4
3440,5
3441,2
3442,7
3443,1
3444,4
3445,2
3446,4
3447,3
3448,2
3449,4
3450,1
3451,8
3452,2
3453,5
3454,2
3455,4
3456,2
3457,2
3458,4
3459,4
3460,1
3461,6
3462,4
3463,4
3464,2
3465,1
3466,1
3467,1
3468,1
3469,5
3470,1
3471,2
3472,7
3473,4
3474,4
3475,1
3476,2
3477,1
3478,1
3479,4
3480,7
3481,7
3482,2
3483,4
3484,1
3485,6
3486,3
3487,1
3488,2
3489,2
3490,1
3491,2
3492,2
3493,2
3494,3
3495,3
3496,1
3497,3
3498,6
3499,1
3500,2
3501,3
3502,6
3503,2
3504,1
3505,4
3506,4
3507,3
3508,3
3509,7
3510,2
3511,9
3512,5
3513,2
3514,2
3515,6
3516,2
3517,2
3518,4
3519,1
3520,5
3521,4
3522,6
3523,1
3524,3
3525,3
3526,4
3527,3
3528,7
3529,2
3530,6
3531,2
3532,8
3533,4
3534,1
3535,4
3536,5
3537,1
3538,2
3539,1
3540,1
3541,1
3542,3
3543,8
3544,3
3545,4
3546,5
3547,3
3548,4
3549,2
3550,4
3551,3
3552,3
3553,3
3554,1
3555,3
3556,4
3557,1
3558,2
3559,3
3560,3
3561,4
3562,3
3563,6
3564,1
3565,5
3566,2
3567,4
3568,1
3569,1
3570,3
3571,1
3572,2
3573,9
3574,5
3575,3
3576,3
3577,4
3578,3
3579,3
3580,4
3581,1
3582,2
3583,1
3584,3
3585,2
3586,2
3587,2
3588,2
3589,2
3590,3
3591,3
3592,3
3593,4
3594,2
3595,2
3596,4
3597,1
3598,1
3599,2
3600,1
3601,5
3602,4
3603,3
3604,7
3605,5
3606,2
3607,4
3608,4
3609,6
3610,1
3611,6
3612,2
3613,1
3614,4
3615,1
3616,3
3617,2
3618,8
3619,5
3620,1
3621,2
3622,3
3623,1
3624,7
3625,4
3626,4
3627,3
3628,1
3629,7
3630,4
3631,4
3632,1
3633,4
3634,5
3635,2
3636,3
3637,8
3638,3
3639,1
3640,1
3641,4
3642,2
3643,7
3644,7
3645,4
3646,1
3647,4
3648,4
3649,4
3650,6
3651,2
3652,2
3653,3
3654,6
3655,2
3656,2
3657,2
3658,3
3659,3
3660,3
3661,4
3662,3
3663,4
3664,2
3665,8
3666,9
3667,2
3668,7
3669,2
3670,5
3671,2
3672,6
3673,4
3674,1
3675,1
3676,4
3677,7
3678,4
3679,7
3680,4
3681,1
3682,6
3683,4
3684,2
3685,1
3686,3
3687,2
3688,3
3689,2
3690,1
3691,2
3692,5
3693,3
3694,3
3695,3
3696,7
3697,4
3698,8
3699,1
3700,9
3701,1
3702,1
3703,1
3704,3
3705,3
3706,2
3707,2
3708,2
3709,5
3710,1
3711,7
3712,5
3713,1
3714,5
3715,7
3716,2
3717,6
3718,2
3719,4
3720,2
3721,1
3722,4
3723,9
3724,7
3725,3
3726,6
3727,3
3728,4
3729,4
3730,1
3731,1
3732,2
3733,3
3734,2
3735,1
3736,7
3737,3
3738,2
3739,7
3740,5
3741,4
3742,4
3743,1
3744,2
3745,2
3746,2
3747,2
3748,5
3749,2
3750,3
3751,2
3752,5
3753,3
3754,4
3755,4
3756,7
3757,3
3758,4
3759,5
3760,1
3761,4
3762,3
3763,4
3764,2
3765,1
3766,5
3767,1
3768,3
3769,2
3770,4
3771,8
3772,2
3773,7
3774,4
3775,3
3776,8
3777,4
3778,2
3779,1
3780,2
3781,3
3782,4
3783,1
3784,5
3785,7
3786,1
3787,4
3788,5
3789,5
3790,1
3791,2
3792,1
3793,1
3794,7
3795,8
3796,3
3797,7
3798,2
3799,4
3800,2
3801,1
3802,4
3803,4
3804,6
3805,4
3806,1
3807,2
3808,2
3809,1
3810,2
3811,5
3812,5
3813,2
3814,3
3815,9
3816,4
3817,7
3818,1
3819,3
3820,2
3821,1
3822,2
3823,7
3824,2
3825,4
3826,1
3827,1
3828,1
3829,2
3830,4
3831,6
3832,1
3833,1
3834,1
3835,3
3836,2
3837,3
3838,1
3839,7
3840,4
3841,5
3842,3
3843,2
3844,5
3845,2
3846,1
3847,2
3848,5
3849,4
3850,8
3851,2
3852,9
3853,1
3854,1
3855,3
3856,3
3857,2
3858,3
3859,3
3860,4
3861,7
3862,4
3863,2
3864,3
3865,1
3866,3
3867,2
3868,2
3869,6
3870,1
3871,3
3872,1
3873,2
3874,1
3875,6
3876,7
3877,2
3878,1
3879,3
3880,7
3881,2
3882,1
3883,7
3884,8
3885,1
3886,4
3887,3
3888,3
3889,7
3890,5
3891,1
3892,1
3893,5
3894,2
3895,1
3896,3
3897,2
3898,1
3899,4
3900,2
3901,7
3902,5
3903,2
3904,4
3905,4
3906,3
3907,3
3908,6
3909,7
3910,7
3911,2
3912,9
3913,4
3914,2
3915,2
3916,4
3917,7
3918,3
3919,4
3920,7
3921,5
3922,3
3923,3
3924,4
3925,1
3926,1
3927,7
3928,2
3929,7
3930,3
3931,7
3932,4
3933,7
3934,2
3935,5
3936,1
3937,6
3938,3
3939,1
3940,1
3941,3
3942,4
3943,2
3944,3
3945,2
3946,2
3947,4
3948,1
3949,1
3950,3
3951,2
3952,2
3953,2
3954,1
3955,7
3956,3
3957,3
3958,2
3959,4
3960,4
3961,2
3962,2
3963,1
3964,4
3965,4
3966,2
3967,4
3968,5
3969,2
3970,4
3971,7
3972,2
3973,4
3974,4
3975,4
3976,6
3977,8
3978,2
3979,2
3980,4
3981,4
3982,2
3983,4
3984,2
3985,7
3986,3
3987,2
3988,1
3989,2
3990,4
3991,2
3992,1
3993,6
3994,7
3995,3
3996,3
3997,4
3998,4
3999,2
4000,2
4001,1
4002,2
4003,2
4004,5
4005,7
4006,2
4007,4
4008,3
4009,3
4010,1
4011,1
4012,4
4013,3
4014,3
4015,1
4016,1
4017,4
4018,5
4019,3
4020,1
4021,1
4022,3
4023,3
4024,1
4025,4
4026,7
4027,1
4028,6
4029,3
4030,2
4031,2
4032,1
4033,3
4034,3
4035,3
4036,1
4037,1
4038,6
4039,3
4040,3
4041,5
4042,1
4043,2
4044,1
4045,6
4046,1
4047,2
4048,3
4049,6
4050,4
4051,2
4052,6
4053,4
4054,3
4055,2
4056,2
4057,2
4058,5
4059,8
4060,5
4061,3
4062,2
4063,4
4064,1
4065,4
4066,2
4067,7
4068,5
4069,3
4070,2
4071,4
4072,6
4073,7
4074,3
4075,5
4076,4
4077,4
4078,3
4079,4
4080,1
4081,4
4082,1
4083,4
4084,4
4085,3
4086,5
4087,2
4088,1
4089,4
4090,2
4091,3
4092,1
4093,2
4094,3
4095,2
4096,2
4097,4
4098,1
4099,1
4100,7
4101,1
4102,1
4103,5
4104,2
4105,1
4106,3
4107,2
4108,4
4109,1
4110,3
4111,6
4112,5
4113,3
4114,1
4115,2
4116,3
4117,4
4118,2
4119,2
4120,4
4121,1
4122,4
4123,4
4124,2
4125,3
4126,1
4127,1
4128,4
4129,2
4130,8
4131,2
4132,2
4133,1
4134,7
4135,3
4136,2
4137,2
4138,2
4139,7
4140,3
4141,4
4142,3
4143,2
4144,4
4145,2
4146,2
4147,4
4148,1
4149,2
4150,2
4151,7
4152,3
4153,1
4154,3
4155,1
4156,2
4157,3
4158,1
4159,3
4160,2
4161,4
4162,2
4163,1
4164,4
4165,2
4166,2
4167,9
4168,1
4169,1
4170,2
4171,1
4172,7
4173,2
4174,4
4175,4
4176,6
4177,3
4178,3
4179,2
4180,1
4181,2
4182,8
4183,1
4184,6
4185,1
4186,2
4187,5
4188,7
4189,5
4190,3
4191,2
4192,1
4193,2
4194,8
4195,1
4196,1
4197,5
4198,7
4199,4
4200,4
4201,2
4202,2
4203,5
4204,2
4205,3
4206,3
4207,2
4208,6
4209,1
4210,2
4211,2
4212,1
4213,3
4214,7
4215,3
4216,2
4217,5
4218,4
4219,2
4220,3
4221,2
4222,4
4223,2
4224,3
4225,4
4226,7
4227,5
4228,8
4229,2
4230,3
4231,3
4232,5
4233,2
4234,4
4235,2
4236,8
4237,1
4238,3
4239,2
4240,1
4241,1
4242,2
4243,4
4244,2
4245,3
4246,4
4247,2
4248,7
4249,2
4250,1
4251,5
4252,2
4253,5
4254,1
4255,4
4256,4
4257,1
4258,2
4259,1
4260,2
4261,4
4262,7
4263,3
4264,2
4265,2
4266,3
4267,3
4268,1
4269,1
4270,4
4271,4
4272,6
4273,7
4274,5
4275,4
4276,8
4277,5
4278,8
4279,1
4280,2
4281,1
4282,1
4283,1
4284,1
4285,4
4286,4
4287,2
4288,1
4289,3
4290,4
4291,1
4292,4
4293,3
4294,1
4295,2
4296,2
4297,6
4298,1
4299,4
4300,2
4301,2
4302,1
4303,1
4304,1
4305,7
4306,2
4307,3
4308,3
4309,6
4310,2
4311,5
4312,8
4313,2
4314,5
4315,3
4316,3
4317,2
4318,2
4319,7
4320,4
4321,2
4322,5
4323,1
4324,2
4325,3
4326,2
4327,2
4328,2
4329,2
4330,3
4331,1
4332,2
4333,2
4334,2
4335,2
4336,2
4337,2
4338,5
4339,5
4340,1
4341,2
4342,2
4343,3
4344,2
4345,1
4346,2
4347,4
4348,1
4349,8
4350,7
4351,2
4352,2
4353,1
4354,2
4355,3
4356,7
4357,2
4358,1
4359,7
4360,5
4361,7
4362,2
4363,1
4364,4
4365,4
4366,2
4367,5
4368,2
4369,7
4370,2
4371,1
4372,1
4373,2
4374,4
4375,4
4376,4
4377,2
4378,5
4379,7
4380,2
4381,9
4382,2
4383,2
4384,2
4385,2
4386,2
4387,2
4388,5
4389,4
4390,3
4391,2
4392,7
4393,3
4394,3
4395,9
4396,4
4397,4
4398,1
4399,2
4400,3
4401,1
4402,3
4403,4
4404,2
4405,2
4406,5
4407,3
4408,1
4409,3
4410,5
4411,2
4412,4
4413,2
4414,2
4415,8
4416,2
4417,7
4418,3
4419,3
4420,1
4421,4
4422,9
4423,3
4424,1
4425,4
4426,3
4427,2
4428,4
4429,2
4430,4
4431,9
4432,1
4433,2
4434,1
4435,7
4436,4
4437,3
4438,2
4439,5
4440,2
4441,2
4442,1
4443,2
4444,7
4445,3
4446,2
4447,7
4448,3
4449,1
4450,1
4451,6
4452,4
4453,4
4454,4
4455,4
4456,3
4457,2
4458,2
4459,2
4460,5
4461,3
4462,2
4463,1
4464,1
4465,2
4466,2
4467,1
4468,2
4469,7
4470,3
4471,4
4472,2
4473,1
4474,2
4475,1
4476,2
4477,7
4478,9
4479,3
4480,1
4481,2
4482,8
4483,7
4484,1
4485,1
4486,2
4487,1
4488,2
4489,2
4490,2
4491,2
4492,4
4493,1
4494,4
4495,5
4496,1
4497,3
4498,1
4499,1
4500,1
4501,2
4502,4
4503,2
4504,2
4505,5
4506,2
4507,5
4508,3
4509,8
4510,7
4511,8
4512,9
4513,2
4514,2
4515,3
4516,1
4517,2
4518,1
4519,2
4520,2
4521,3
4522,2
4523,9
4524,4
4525,3
4526,2
4527,3
4528,1
4529,5
4530,4
4531,1
4532,2
4533,5
4534,3
4535,3
4536,2
4537,1
4538,2
4539,3
4540,2
4541,2
4542,4
4543,2
4544,1
4545,4
4546,5
4547,7
4548,4
4549,4
4550,3
4551,4
4552,4
4553,1
4554,3
4555,1
4556,2
4557,2
4558,5
4559,4
4560,2
4561,8
4562,4
4563,7
4564,2
4565,2
4566,1
4567,3
4568,3
4569,1
4570,3
4571,2
4572,2
4573,2
4574,3
4575,3
4576,6
4577,1
4578,1
4579,7
4580,7
4581,1
4582,2
4583,5
4584,3
4585,2
4586,1
4587,2
4588,1
4589,3
4590,2
4591,5
4592,3
4593,4
4594,3
4595,5
4596,2
4597,2
4598,5
4599,7
4600,4
4601,2
4602,4
4603,3
4604,4
4605,2
4606,1
4607,2
4608,1
4609,3
4610,7
4611,2
4612,1
4613,6
4614,4
4615,5
4616,3
4617,1
4618,9
4619,2
4620,1
4621,1
4622,2
4623,4
4624,3
4625,1
4626,3
4627,3
4628,4
4629,1
4630,2
4631,4
4632,2
4633,2
4634,1
4635,2
4636,1
4637,2
4638,2
4639,1
4640,5
4641,3
4642,5
4643,2
4644,7
4645,4
4646,2
4647,3
4648,8
4649,2
4650,3
4651,1
4652,4
4653,1
4654,2
4655,1
4656,1
4657,9
4658,2
4659,1
4660,4
4661,4
4662,3
4663,4
4664,7
4665,4
4666,4
4667,2
4668,1
4669,2
4670,2
4671,1
4672,4
4673,3
4674,3
4675,1
4676,8
4677,1
4678,2
4679,3
4680,3
4681,8
4682,9
4683,2
4684,2
4685,2
4686,1
4687,6
4688,2
4689,5
4690,2
4691,2
4692,1
4693,4
4694,4
4695,2
4696,2
4697,2
4698,4
4699,2
4700,1
4701,2
4702,4
4703,4
4704,3
4705,2
4706,4
4707,5
4708,2
4709,2
4710,1
4711,3
4712,3
4713,5
4714,4
4715,3
4716,2
4717,7
4718,2
4719,2
4720,2
4721,1
4722,2
4723,4
4724,2
4725,3
4726,1
4727,2
4728,1
4729,2
4730,2
4731,2
4732,2
4733,5
4734,2
4735,2
4736,3
4737,3
4738,1
4739,3
4740,3
4741,2
4742,1
4743,7
4744,2
4745,2
4746,4
4747,2
4748,2
4749,5
4750,2
4751,3
4752,3
4753,4
4754,1
4755,1
4756,2
4757,6
4758,3
4759,4
4760,3
4761,9
4762,7
4763,3
4764,2
4765,5
4766,2
4767,3
4768,2
4769,5
4770,1
4771,7
4772,4
4773,9
4774,2
4775,1
4776,5
4777,1
4778,2
4779,6
4780,2
4781,5
4782,4
4783,3
4784,4
4785,9
4786,4
4787,2
4788,4
4789,5
4790,2
4791,4
4792,3
4793,1
4794,7
4795,2
4796,1
4797,1
4798,2
4799,4
4800,2
4801,8
4802,2
4803,7
4804,3
4805,4
4806,2
4807,4
4808,2
4809,2
4810,2
4811,2
4812,5
4813,3
4814,2
4815,2
4816,6
4817,1
4818,6
4819,2
4820,2
4821,4
4822,2
4823,1
4824,7
4825,3
4826,4
4827,3
4828,2
4829,4
4830,2
4831,4
4832,2
4833,8
4834,2
4835,4
4836,2
4837,2
4838,5
4839,8
4840,2
4841,4
4842,3
4843,8
4844,3
4845,9
4846,2
4847,5
4848,7
4849,1
4850,2
4851,2
4852,2
4853,1
4854,2
4855,4
4856,2
4857,9
4858,4
4859,3
4860,2
4861,4
4862,3
4863,2
4864,3
4865,5
4866,1
4867,3
4868,2
4869,4
4870,2
4871,6
4872,1
4873,7
4874,2
4875,1
4876,1
4877,1
4878,2
4879,1
4880,6
4881,3
4882,2
4883,2
4884,4
4885,4
4886,4
4887,1
4888,3
4889,2
4890,5
4891,2
4892,2
4893,3
4894,2
4895,3
4896,2
4897,1
4898,2
4899,4
4900,5
4901,1
4902,2
4903,4
4904,1
4905,7
4906,5
4907,1
4908,3
4909,3
4910,7
4911,2
4912,4
4913,2
4914,7
4915,4
4916,5
4917,2
4918,1
4919,3
4920,2
4921,2
4922,5
4923,2
4924,2
4925,4
4926,3
4927,3
4928,2
4929,1
4930,3
4931,2
4932,2
4933,2
4934,1
4935,7
4936,1
4937,4
4938,3
4939,4
4940,4
4941,5
4942,3
4943,5
4944,2
4945,3
4946,7
4947,1
4948,3
4949,1
4950,2
4951,2
4952,2
4953,1
4954,7
4955,2
4956,1
4957,2
4958,2
4959,4
4960,6
4961,1
4962,2
4963,2
4964,4
4965,3
4966,2
4967,5
4968,1
4969,3
4970,3
4971,2
4972,2
4973,3
4974,3
4975,1
4976,6
4977,2
4978,2
4979,5
4980,3
4981,4
4982,1
4983,9
4984,2
4985,2
4986,8
4987,2
4988,3
4989,2
4990,9
4991,1
4992,2
4993,1
4994,3
4995,2
4996,7
4997,2
4998,2
4999,5
5000,7
5001,5
5002,1
5003,3
5004,4
5005,2
5006,2
5007,1
5008,2
5009,2
5010,4
5011,5
5012,4
5013,1
5014,2
5015,9
5016,3
5017,2
5018,2
5019,4
5020,1
5021,1
5022,3
5023,1
5024,2
5025,2
5026,2
5027,2
5028,2
5029,4
5030,1
5031,4
5032,4
5033,2
5034,2
5035,2
5036,1
5037,1
5038,1
5039,2
5040,3
5041,2
5042,2
5043,4
5044,3
5045,7
5046,2
5047,4
5048,4
5049,4
5050,1
5051,2
5052,4
5053,4
5054,1
5055,2
5056,2
5057,2
5058,2
5059,5
5060,1
5061,1
5062,7
5063,1
5064,3
5065,4
5066,3
5067,2
5068,2
5069,5
5070,4
5071,1
5072,2
5073,2
5074,8
5075,3
5076,5
5077,1
5078,2
5079,4
5080,2
5081,6
5082,2
5083,2
5084,1
5085,2
5086,2
5087,2
5088,2
5089,1
5090,1
5091,4
5092,2
5093,1
5094,1
5095,2
5096,2
5097,1
5098,8
5099,2
5100,2
5101,4
5102,2
5103,3
5104,3
5105,3
5106,2
5107,4
5108,7
5109,2
5110,1
5111,3
5112,4
5113,6
5114,1
5115,1
5116,3
5117,2
5118,7
5119,2
5120,7
5121,3
5122,2
5123,4
5124,1
5125,2
5126,2
5127,2
5128,3
5129,8
5130,2
5131,3
5132,2
5133,1
5134,1
5135,1
5136,3
5137,2
5138,3
5139,4
5140,4
5141,7
5142,2
5143,1
5144,4
5145,2
5146,7
5147,3
5148,4
5149,6
5150,5
5151,2
5152,2
5153,4
5154,2
5155,4
5156,6
5157,1
5158,1
5159,4
5160,4
5161,2
5162,5
5163,2
5164,3
5165,3
5166,7
5167,7
5168,3
5169,7
5170,1
5171,5
5172,2
5173,2
5174,8
5175,1
5176,2
5177,3
5178,3
5179,3
5180,2
5181,3
5182,2
5183,1
5184,7
5185,1
5186,3
5187,2
5188,6
5189,1
5190,5
5191,2
5192,2
5193,7
5194,5
5195,4
5196,5
5197,2
5198,3
5199,2
5200,2
5201,3
5202,1
5203,8
5204,2
5205,7
5206,2
5207,2
5208,2
5209,1
5210,3
5211,2
5212,3
5213,4
5214,2
5215,2
5216,1
5217,4
5218,7
5219,1
5220,2
5221,3
5222,1
5223,1
5224,2
5225,2
5226,2
5227,2
5228,2
5229,2
5230,3
5231,3
5232,5
5233,2
5234,5
5235,2
5236,6
5237,2
5238,2
5239,5
5240,3
5241,8
5242,7
5243,2
5244,3
5245,1
5246,5
5247,2
5248,1
5249,3
5250,7
5251,1
5252,7
5253,4
5254,7
5255,7
5256,4
5257,3
5258,6
5259,7
5260,2
5261,1
5262,6
5263,2
5264,5
5265,2
5266,1
5267,5
5268,9
5269,3
5270,2
5271,3
5272,2
5273,2
5274,3
5275,1
5276,9
5277,6
5278,2
5279,2
5280,5
5281,1
5282,6
5283,1
5284,1
5285,2
5286,2
5287,2
5288,2
5289,5
5290,2
5291,1
5292,3
5293,1
5294,7
5295,3
5296,4
5297,4
5298,2
5299,4
5300,2
5301,2
5302,7
5303,4
5304,7
5305,2
5306,6
5307,1
5308,4
5309,4
5310,2
5311,2
5312,3
5313,2
5314,2
5315,4
5316,1
5317,2
5318,4
5319,5
5320,7
5321,2
5322,5
5323,3
5324,2
5325,2
5326,2
5327,4
5328,2
5329,2
5330,2
5331,5
5332,2
5333,1
5334,1
5335,2
5336,4
5337,2
5338,1
5339,1
5340,2
5341,3
5342,2
5343,2
5344,1
5345,2
5346,1
5347,2
5348,5
5349,4
5350,9
5351,3
5352,2
5353,3
5354,5
5355,2
5356,4
5357,5
5358,1
5359,2
5360,4
5361,1
5362,6
5363,1
5364,3
5365,2
5366,2
5367,1
5368,6
5369,4
5370,4
5371,7
5372,1
5373,1
5374,3
5375,1
5376,4
5377,3
5378,1
5379,1
5380,1
5381,3
5382,1
5383,4
5384,2
5385,2
5386,2
5387,2
5388,3
5389,4
5390,7
5391,2
5392,1
5393,2
5394,1
5395,1
5396,2
5397,2
5398,4
5399,2
5400,4
5401,1
5402,5
5403,8
5404,1
5405,1
5406,2
5407,7
5408,7
5409,4
5410,9
5411,5
5412,2
5413,1
5414,3
5415,1
5416,2
5417,7
5418,2
5419,3
5420,9
5421,3
5422,3
5423,3
5424,1
5425,3
5426,4
5427,2
5428,3
5429,7
5430,2
5431,6
5432,4
5433,4
5434,1
5435,2
5436,2
5437,7
5438,2
5439,1
5440,3
5441,2
5442,1
5443,4
5444,7
5445,2
5446,7
5447,7
5448,4
5449,2
5450,4
5451,3
5452,2
5453,7
5454,1
5455,2
5456,2
5457,9
5458,4
5459,8
5460,1
5461,5
5462,5
5463,2
5464,2
5465,1
5466,4
5467,6
5468,2
5469,4
5470,2
5471,1
5472,3
5473,2
5474,2
5475,3
5476,1
5477,7
5478,2
5479,2
5480,2
5481,6
5482,2
5483,3
5484,3
5485,2
5486,3
5487,8
5488,7
5489,2
5490,7
5491,9
5492,2
5493,5
5494,2
5495,2
5496,3
5497,2
5498,3
5499,5
5500,3
5501,2
5502,2
5503,5
5504,7
5505,2
5506,1
5507,5
5508,2
5509,5
5510,2
5511,4
5512,4
5513,4
5514,3
5515,7
5516,2
5517,4
5518,2
5519,5
5520,7
5521,6
5522,5
5523,5
5524,2
5525,7
5526,2
5527,2
5528,2
5529,7
5530,4
5531,2
5532,2
5533,1
5534,5
5535,1
5536,1
5537,1
5538,1
5539,2
5540,1
5541,2
5542,2
5543,2
5544,3
5545,6
5546,3
5547,5
5548,5
5549,2
5550,3
5551,2
5552,1
5553,1
5554,3
5555,2
5556,1
5557,3
5558,3
5559,2
5560,4
5561,2
5562,2
5563,5
5564,2
5565,5
5566,2
5567,1
5568,1
5569,7
5570,3
5571,7
5572,2
5573,2
5574,2
5575,3
5576,2
5577,6
5578,7
5579,7
5580,2
5581,3
5582,3
5583,1
5584,2
5585,1
5586,2
5587,4
5588,4
5589,2
5590,3
5591,2
5592,3
5593,7
5594,5
5595,7
5596,6
5597,5
5598,5
5599,4
5600,8
5601,2
5602,3
5603,2
5604,1
5605,2
5606,7
5607,1
5608,4
5609,2
5610,2
5611,8
5612,2
5613,9
5614,2
5615,2
5616,1
5617,3
5618,3
5619,1
5620,7
5621,2
5622,7
5623,4
5624,2
5625,2
5626,1
5627,1
5628,6
5629,4
5630,7
5631,3
5632,4
5633,2
5634,2
5635,4
5636,6
5637,2
5638,1
5639,7
5640,5
5641,1
5642,1
5643,2
5644,2
5645,2
5646,1
5647,2
5648,2
5649,5
5650,5
5651,4
5652,6
5653,1
5654,1
5655,2
5656,1
5657,2
5658,2
5659,3
5660,3
5661,2
5662,3
5663,1
5664,2
5665,2
5666,2
5667,7
5668,3
5669,2
5670,7
5671,7
5672,2
5673,1
5674,5
5675,1
5676,4
5677,1
5678,1
5679,1
5680,2
5681,2
5682,1
5683,4
5684,7
5685,4
5686,4
5687,2
5688,3
5689,1
5690,1
5691,4
5692,2
5693,7
5694,1
5695,6
5696,4
5697,2
5698,2
5699,2
5700,5
5701,1
5702,6
5703,2
5704,1
5705,2
5706,6
5707,1
5708,7
5709,3
5710,4
5711,2
5712,2
5713,5
5714,4
5715,2
5716,1
5717,4
5718,4
5719,2
5720,5
5721,5
5722,2
5723,5
5724,5
5725,2
5726,2
5727,4
5728,2
5729,2
5730,2
5731,4
5732,7
5733,5
5734,3
5735,2
5736,7
5737,8
5738,3
5739,2
5740,1
5741,2
5742,2
5743,7
5744,3
5745,3
5746,2
5747,2
5748,2
5749,2
5750,3
5751,3
5752,4
5753,4
5754,6
5755,8
5756,2
5757,5
5758,1
5759,2
5760,2
5761,2
5762,2
5763,4
5764,5
5765,1
5766,2
5767,2
5768,2
5769,3
5770,7
5771,1
5772,4
5773,5
5774,7
5775,2
5776,1
5777,3
5778,2
5779,1
5780,2
5781,2
5782,5
5783,2
5784,6
5785,5
5786,7
5787,2
5788,2
5789,9
5790,2
5791,5
5792,2
5793,2
5794,7
5795,7
5796,5
5797,2
5798,2
5799,2
5800,5
5801,7
5802,2
5803,2
5804,3
5805,5
5806,2
5807,2
5808,2
5809,3
5810,4
5811,7
5812,1
5813,3
5814,1
5815,7
5816,1
5817,3
5818,2
5819,4
5820,3
5821,2
5822,2
5823,1
5824,5
5825,7
5826,2
5827,7
5828,5
5829,3
5830,7
5831,2
5832,2
5833,4
5834,4
5835,7
5836,1
5837,3
5838,7
5839,1
5840,1
5841,2
5842,4
5843,2
5844,1
5845,5
5846,2
5847,1
5848,5
5849,2
5850,2
5851,2
5852,2
5853,4
5854,2
5855,2
5856,2
5857,1
5858,2
5859,1
5860,4
5861,7
5862,1
5863,1
5864,3
5865,2
5866,2
5867,8
5868,9
5869,2
5870,7
5871,2
5872,5
5873,8
5874,1
5875,2
5876,2
5877,6
5878,2
5879,4
5880,4
5881,2
5882,5
5883,7
5884,1
5885,2
5886,1
5887,7
5888,6
5889,4
5890,7
5891,2
5892,1
5893,5
5894,8
5895,2
5896,2
5897,2
5898,1
5899,4
5900,2
5901,1
5902,2
5903,2
5904,2
5905,6
5906,3
5907,1
5908,1
5909,2
5910,3
5911,5
5912,1
5913,2
5914,2
5915,2
5916,7
5917,2
5918,2
5919,6
5920,2
5921,5
5922,5
5923,2
5924,2
5925,4
5926,7
5927,4
5928,9
5929,2
5930,1
5931,4
5932,2
5933,3
5934,6
5935,1
5936,2
5937,7
5938,4
5939,1
5940,3
5941,2
5942,3
5943,9
5944,5
5945,4
5946,2
5947,2
5948,3
5949,7
5950,2
5951,2
5952,5
5953,5
5954,2
5955,3
5956,3
5957,4
5958,2
5959,5
5960,2
5961,2
5962,1
5963,2
5964,2
5965,3
5966,2
5967,2
5968,7
5969,1
5970,2
5971,1
5972,2
5973,1
5974,6
5975,2
5976,2
5977,2
5978,2
5979,1
5980,2
5981,3
5982,2
5983,2
5984,1
5985,2
5986,4
5987,2
5988,2
5989,1
5990,5
5991,1
5992,7
5993,1
5994,1
5995,2
5996,6
5997,4
5998,1
5999,7
6000,8
6001,4
6002,2
6003,2
6004,3
6005,7
6006,2
6007,2
6008,2
6009,5
6010,7
6011,1
6012,2
6013,2
6014,2
6015,2
6016,5
6017,1
6018,5
6019,2
6020,2
6021,2
6022,7
6023,3
6024,1
6025,6
6026,2
6027,2
6028,7
6029,9
6030,7
6031,6
6032,3
6033,5
6034,7
6035,2
6036,5
6037,4
6038,3
6039,7
6040,3
6041,5
6042,2
6043,9
6044,3
6045,2
6046,1
6047,5
6048,1
6049,1
6050,4
6051,3
6052,6
6053,5
6054,2
6055,1
6056,2
6057,6
6058,2
6059,2
6060,7
6061,3
6062,2
6063,2
6064,1
6065,2
6066,2
6067,2
6068,7
6069,2
6070,1
6071,2
6072,1
6073,4
6074,7
6075,2
6076,7
6077,2
6078,2
6079,2
6080,5
6081,3
6082,2
6083,2
6084,4
6085,1
6086,7
6087,7
6088,4
6089,2
6090,3
6091,1
6092,8
6093,5
6094,6
6095,2
6096,7
6097,3
6098,2
6099,2
6100,2
6101,1
6102,1
6103,5
6104,7
6105,7
6106,2
6107,8
6108,7
6109,7
6110,2
6111,1
6112,2
6113,2
6114,3
6115,5
6116,1
6117,4
6118,2
6119,2
6120,9
6121,7
6122,2
6123,8
6124,2
6125,2
6126,1
6127,4
6128,2
6129,1
6130,2
6131,3
6132,5
6133,2
6134,2
6135,5
6136,3
6137,7
6138,2
6139,5
6140,5
6141,2
6142,1
6143,1
6144,5
6145,2
6146,2
6147,2
6148,7
6149,1
6150,2
6151,2
6152,1
6153,4
6154,2
6155,4
6156,3
6157,3
6158,3
6159,2
6160,6
6161,2
6162,3
6163,2
6164,7
6165,2
6166,3
6167,2
6168,2
6169,2
6170,1
6171,2
6172,7
6173,2
6174,2
6175,2
6176,1
6177,9
6178,2
6179,4
6180,5
6181,7
6182,2
6183,7
6184,6
6185,2
6186,2
6187,6
6188,3
6189,2
6190,1
6191,7
6192,4
6193,3
6194,2
6195,2
6196,7
6197,2
6198,6
6199,6
6200,7
6201,3
6202,2
6203,2
6204,4
6205,2
6206,2
6207,1
6208,5
6209,7
6210,4
6211,2
6212,2
6213,1
6214,1
6215,7
6216,7
6217,7
6218,2
6219,2
6220,2
6221,2
6222,6
6223,5
6224,5
6225,2
6226,2
6227,1
6228,2
6229,2
6230,4
6231,6
6232,6
6233,6
6234,2
6235,5
6236,1
6237,1
6238,3
6239,9
6240,7
6241,2
6242,7
6243,7
6244,3
6245,2
6246,6
6247,7
6248,2
6249,2
6250,2
6251,2
6252,2
6253,1
6254,4
6255,2
6256,2
6257,2
6258,7
6259,2
6260,2
6261,1
6262,3
6263,7
6264,1
6265,9
6266,1
6267,5
6268,2
6269,2
6270,2
6271,1
6272,2
6273,7
6274,7
6275,3
6276,1
6277,2
6278,2
6279,3
6280,1
6281,5
6282,5
6283,7
6284,2
6285,3
6286,2
6287,6
6288,1
6289,4
6290,2
6291,2
6292,2
6293,7
6294,5
6295,4
6296,3
6297,3
6298,7
6299,4
6300,6
6301,7
6302,5
6303,1
6304,1
6305,8
6306,7
6307,2
6308,2
6309,2
6310,2
6311,2
6312,3
6313,1
6314,2
6315,2
6316,2
6317,6
6318,2
6319,2
6320,1
6321,2
6322,3
6323,2
6324,4
6325,3
6326,2
6327,2
6328,2
6329,2
6330,2
6331,6
6332,6
6333,2
6334,2
6335,2
6336,7
6337,7
6338,2
6339,6
6340,7
6341,2
6342,2
6343,2
6344,4
6345,2
6346,7
6347,7
6348,7
6349,3
6350,1
6351,2
6352,7
6353,1
6354,2
6355,2
6356,4
6357,7
6358,2
6359,2
6360,2
6361,2
6362,4
6363,2
6364,2
6365,6
6366,1
6367,1
6368,2
6369,2
6370,3
6371,2
6372,2
6373,6
6374,1
6375,2
6376,7
6377,7
6378,1
6379,9
6380,4
6381,2
6382,2
6383,4
6384,1
6385,6
6386,8
6387,4
6388,7
6389,2
6390,1
6391,2
6392,7
6393,2
6394,2
6395,6
6396,7
6397,2
6398,4
6399,3
6400,7
6401,2
6402,1
6403,5
6404,4
6405,3
6406,2
6407,1
6408,2
6409,7
6410,5
6411,6
6412,2
6413,8
6414,3
6415,2
6416,7
6417,7
6418,1
6419,2
6420,2
6421,5
6422,7
6423,1
6424,2
6425,1
6426,7
6427,4
6428,2
6429,1
6430,2
6431,2
6432,4
6433,1
6434,2
6435,8
6436,1
6437,2
6438,7
6439,5
6440,7
6441,7
6442,2
6443,4
6444,2
6445,2
6446,7
6447,2
6448,2
6449,3
6450,6
6451,3
6452,7
6453,2
6454,5
6455,7
6456,4
6457,2
6458,6
6459,4
6460,7
6461,8
6462,2
6463,4
6464,2
6465,2
6466,2
6467,2
6468,7
6469,7
6470,4
6471,2
6472,7
6473,3
6474,2
6475,5
6476,7
6477,2
6478,3
6479,1
6480,4
6481,7
6482,2
6483,1
6484,4
6485,4
6486,1
6487,1
6488,7
6489,2
6490,1
6491,4
6492,2
6493,7
6494,7
6495,1
6496,2
6497,2
6498,1
6499,2
6500,6
6501,2
6502,1
6503,2
6504,3
6505,3
6506,3
6507,7
6508,2
6509,2
6510,7
6511,3
6512,4
6513,1
6514,1
6515,7
6516,2
6517,2
6518,1
6519,2
6520,1
6521,3
6522,2
6523,3
6524,5
6525,2
6526,2
6527,3
6528,7
6529,5
6530,7
6531,5
6532,4
6533,3
6534,4
6535,7
6536,2
6537,2
6538,2
6539,2
6540,7
6541,2
6542,7
6543,1
6544,5
6545,6
6546,7
6547,4
6548,3
6549,2
6550,5
6551,7
6552,2
6553,2
6554,2
6555,9
6556,7
6557,2
6558,2
6559,2
6560,2
6561,7
6562,2
6563,1
6564,2
6565,7
6566,1
6567,2
6568,2
6569,1
6570,7
6571,1
6572,6
6573,2
6574,8
6575,2
6576,4
6577,7
6578,2
6579,5
6580,7
6581,2
6582,7
6583,1
6584,6
6585,2
6586,2
6587,2
6588,1
6589,2
6590,1
6591,4
6592,8
6593,4
6594,1
6595,2
6596,5
6597,7
6598,1
6599,4
6600,4
6601,3
6602,2
6603,1
6604,7
6605,4
6606,5
6607,3
6608,2
6609,7
6610,7
6611,2
6612,4
6613,7
6614,2
6615,1
6616,3
6617,5
6618,2
6619,1
6620,1
6621,4
6622,1
6623,1
6624,1
6625,2
6626,2
6627,7
6628,5
6629,2
6630,5
6631,2
6632,2
6633,1
6634,4
6635,3
6636,2
6637,6
6638,7
6639,5
6640,2
6641,4
6642,7
6643,7
6644,2
6645,2
6646,2
6647,7
6648,7
6649,1
6650,7
6651,1
6652,1
6653,7
6654,2
6655,2
6656,2
6657,1
6658,1
6659,6
6660,4
6661,8
6662,5
6663,5
6664,2
6665,7
6666,2
6667,2
6668,7
6669,1
6670,7
6671,7
6672,4
6673,7
6674,2
6675,1
6676,6
6677,7
6678,2
6679,2
6680,3
6681,7
6682,5
6683,7
6684,2
6685,2
6686,7
6687,3
6688,2
6689,2
6690,6
6691,7
6692,3
6693,7
6694,4
6695,2
6696,2
6697,4
6698,7
6699,5
6700,1
6701,3
6702,2
6703,3
6704,7
6705,1
6706,1
6707,2
6708,7
6709,3
6710,2
6711,2
6712,4
6713,6
6714,4
6715,2
6716,8
6717,2
6718,2
6719,8
6720,5
6721,7
6722,2
6723,4
6724,2
6725,6
6726,2
6727,7
6728,7
6729,4
6730,2
6731,4
6732,4
6733,7
6734,4
6735,4
6736,2
6737,2
6738,2
6739,7
6740,1
6741,4
6742,3
6743,1
6744,2
6745,2
6746,2
6747,3
6748,5
6749,3
6750,2
6751,3
6752,7
6753,2
6754,1
6755,4
6756,7
6757,4
6758,7
6759,4
6760,7
6761,7
6762,2
6763,5
6764,7
6765,7
6766,2
6767,7
6768,6
6769,7
6770,2
6771,8
6772,2
6773,5
6774,7
6775,8
6776,2
6777,7
6778,2
6779,1
6780,3
6781,1
6782,6
6783,4
6784,7
6785,6
6786,5
6787,1
6788,2
6789,7
6790,1
6791,2
6792,2
6793,7
6794,7
6795,2
6796,7
6797,7
6798,9
6799,7
6800,5
6801,8
6802,4
6803,7
6804,5
6805,2
6806,2
6807,3
6808,4
6809,2
6810,2
6811,2
6812,3
6813,7
6814,7
6815,2
6816,8
6817,2
6818,8
6819,5
6820,4
6821,2
6822,3
6823,2
6824,2
6825,3
6826,2
6827,2
6828,7
6829,5
6830,7
6831,4
6832,3
6833,4
6834,4
6835,7
6836,4
6837,8
6838,2
6839,7
6840,1
6841,5
6842,4
6843,4
6844,7
6845,2
6846,2
6847,2
6848,7
6849,7
6850,1
6851,7
6852,2
6853,2
6854,7
6855,2
6856,7
6857,3
6858,5
6859,2
6860,5
6861,1
6862,4
6863,7
6864,2
6865,7
6866,9
6867,5
6868,7
6869,7
6870,1
6871,2
6872,2
6873,2
6874,2
6875,7
6876,2
6877,2
6878,2
6879,2
6880,7
6881,2
6882,7
6883,2
6884,7
6885,7
6886,2
6887,7
6888,6
6889,7
6890,2
6891,7
6892,4
6893,6
6894,2
6895,7
6896,2
6897,5
6898,2
6899,1
6900,9
6901,4
6902,4
6903,1
6904,5
6905,4
6906,7
6907,2
6908,4
6909,4
6910,4
6911,2
6912,7
6913,5
6914,7
6915,2
6916,2
6917,7
6918,1
6919,6
6920,2
6921,6
6922,4
6923,3
6924,7
6925,4
6926,5
6927,1
6928,4
6929,5
6930,5
6931,2
6932,7
6933,7
6934,2
6935,5
6936,2
6937,1
6938,4
6939,2
6940,1
6941,4
6942,7
6943,8
6944,2
6945,5
6946,2
6947,4
6948,3
6949,7
6950,2
6951,5
6952,2
6953,7
6954,4
6955,7
6956,1
6957,7
6958,3
6959,2
6960,5
6961,6
6962,5
6963,2
6964,6
6965,2
6966,7
6967,1
6968,3
6969,7
6970,2
6971,4
6972,1
6973,7
6974,4
6975,4
6976,7
6977,1
6978,7
6979,1
6980,3
6981,2
6982,5
6983,5
6984,2
6985,7
6986,7
6987,7
6988,2
6989,7
6990,9
6991,2
6992,2
6993,2
6994,5
6995,7
6996,4
6997,4
6998,2
6999,5
7000,2
7001,7
7002,7
7003,7
7004,2
7005,2
7006,5
7007,2
7008,2
7009,2
7010,2
7011,4
7012,7
7013,2
7014,5
7015,2
7016,5
7017,7
7018,2
7019,2
7020,2
7021,3
7022,3
7023,5
7024,2
7025,1
7026,2
7027,2
7028,5
7029,7
7030,7
7031,3
7032,7
7033,2
7034,7
7035,4
7036,2
7037,2
7038,2
7039,2
7040,2
7041,4
7042,4
7043,4
7044,4
7045,2
7046,2
7047,3
7048,5
7049,3
7050,7
7051,1
7052,7
7053,4
7054,4
7055,1
7056,2
7057,5
7058,2
7059,7
7060,7
7061,1
7062,7
7063,6
7064,2
7065,7
7066,3
7067,4
7068,1
7069,5
7070,4
7071,7
7072,2
7073,7
7074,7
7075,8
7076,7
7077,7
7078,7
7079,2
7080,7
7081,2
7082,2
7083,4
7084,6
7085,2
7086,2
7087,7
7088,4
7089,2
7090,7
7091,2
7092,2
7093,1
7094,1
7095,5
7096,2
7097,2
7098,3
7099,7
7100,5
7101,2
7102,7
7103,9
7104,5
7105,5
7106,7
7107,5
7108,3
7109,4
7110,2
7111,3
7112,2
7113,2
7114,7
7115,2
7116,2
7117,7
7118,4
7119,7
7120,7
7121,2
7122,2
7123,2
7124,1
7125,7
7126,4
7127,7
7128,7
7129,2
7130,3
7131,1
7132,7
7133,7
7134,3
7135,7
7136,2
7137,2
7138,4
7139,5
7140,7
7141,1
7142,4
7143,2
7144,2
7145,7
7146,7
7147,2
7148,4
7149,1
7150,2
7151,2
7152,5
7153,7
7154,4
7155,3
7156,5
7157,7
7158,2
7159,7
7160,2
7161,8
7162,4
7163,2
7164,2
7165,1
7166,7
7167,2
7168,2
7169,2
7170,8
7171,5
7172,2
7173,5
7174,4
7175,3
7176,3
7177,1
7178,9
7179,6
7180,3
7181,5
7182,7
7183,7
7184,2
7185,2
7186,7
7187,3
7188,7
7189,9
7190,2
7191,1
7192,7
7193,2
7194,1
7195,3
7196,7
7197,7
7198,7
7199,2
7200,7
7201,3
7202,7
7203,2
7204,7
7205,2
7206,4
7207,7
7208,6
7209,2
7210,2
7211,2
7212,4
7213,7
7214,1
7215,1
7216,3
7217,7
7218,7
7219,5
7220,2
7221,7
7222,7
7223,2
7224,4
7225,3
7226,7
7227,2
7228,1
7229,4
7230,7
7231,7
7232,2
7233,7
7234,7
7235,1
7236,2
7237,2
7238,2
7239,2
7240,8
7241,2
7242,7
7243,5
7244,4
7245,7
7246,7
7247,6
7248,8
7249,1
7250,4
7251,3
7252,5
7253,7
7254,3
7255,2
7256,2
7257,2
7258,5
7259,7
7260,7
7261,7
7262,7
7263,2
7264,7
7265,7
7266,4
7267,7
7268,1
7269,7
7270,2
7271,4
7272,2
7273,3
7274,6
7275,1
7276,5
7277,2
7278,9
7279,4
7280,2
7281,1
7282,7
7283,7
7284,1
7285,9
7286,5
7287,2
7288,2
7289,6
7290,1
7291,7
7292,2
7293,2
7294,7
7295,7
7296,9
7297,2
7298,2
7299,1
7300,2
7301,2
7302,7
7303,2
7304,3
7305,1
7306,3
7307,2
7308,1
7309,7
7310,7
7311,7
7312,3
7313,7
7314,1
7315,1
7316,6
7317,2
7318,7
7319,9
7320,7
7321,3
7322,2
7323,4
7324,6
7325,2
7326,2
7327,2
7328,1
7329,2
7330,2
7331,1
7332,8
7333,7
7334,2
7335,7
7336,7
7337,7
7338,3
7339,2
7340,7
7341,7
7342,7
7343,2
7344,2
7345,4
7346,7
7347,1
7348,4
7349,7
7350,3
7351,4
7352,4
7353,7
7354,7
7355,7
7356,5
7357,2
7358,2
7359,6
7360,4
7361,7
7362,4
7363,4
7364,6
7365,2
7366,7
7367,3
7368,3
7369,2
7370,2
7371,7
7372,7
7373,1
7374,1
7375,7
7376,3
7377,2
7378,1
7379,3
7380,1
7381,2
7382,7
7383,1
7384,4
7385,7
7386,3
7387,2
7388,1
7389,7
7390,7
7391,2
7392,7
7393,7
7394,3
7395,6
7396,2
7397,3
7398,2
7399,7
7400,7
7401,2
7402,2
7403,8
7404,2
7405,3
7406,2
7407,1
7408,4
7409,2
7410,7
7411,1
7412,7
7413,2
7414,7
7415,5
7416,1
7417,7
7418,3
7419,1
7420,2
7421,7
7422,7
7423,6
7424,1
7425,6
7426,7
7427,7
7428,7
7429,7
7430,1
7431,3
7432,1
7433,4
7434,1
7435,7
7436,3
7437,2
7438,7
7439,2
7440,7
7441,7
7442,7
7443,2
7444,7
7445,7
7446,7
7447,7
7448,4
7449,4
7450,7
7451,7
7452,7
7453,2
7454,1
7455,7
7456,1
7457,7
7458,8
7459,4
7460,2
7461,2
7462,2
7463,7
7464,6
7465,2
7466,4
7467,2
7468,4
7469,7
7470,7
7471,2
7472,4
7473,7
7474,7
7475,7
7476,2
7477,2
7478,7
7479,4
7480,4
7481,2
7482,2
7483,1
7484,4
7485,7
7486,7
7487,8
7488,4
7489,7
7490,7
7491,2
7492,7
7493,3
7494,2
7495,2
7496,7
7497,1
7498,2
7499,4
7500,1
7501,5
7502,7
7503,7
7504,7
7505,4
7506,7
7507,2
7508,4
7509,2
7510,2
7511,2
7512,2
7513,7
7514,7
7515,4
7516,2
7517,7
7518,1
7519,3
7520,5
7521,2
7522,4
7523,7
7524,4
7525,9
7526,7
7527,1
7528,1
7529,1
7530,5
7531,2
7532,2
7533,4
7534,3
7535,2
7536,7
7537,5
7538,2
7539,7
7540,7
7541,3
7542,2
7543,7
7544,2
7545,7
7546,2
7547,7
7548,4
7549,2
7550,2
7551,2
7552,3
7553,3
7554,2
7555,2
7556,7
7557,1
7558,4
7559,4
7560,1
7561,2
7562,2
7563,5
7564,6
7565,7
7566,8
7567,4
7568,7
7569,7
7570,1
7571,4
7572,7
7573,9
7574,2
7575,7
7576,1
7577,5
7578,2
7579,2
7580,1
7581,2
7582,1
7583,2
7584,2
7585,2
7586,7
7587,2
7588,4
7589,7
7590,5
7591,6
7592,2
7593,2
7594,4
7595,6
7596,9
7597,1
7598,7
7599,2
7600,3
7601,7
7602,7
7603,1
7604,4
7605,7
7606,2
7607,7
7608,7
7609,7
7610,5
7611,7
7612,1
7613,7
7614,3
7615,7
7616,2
7617,5
7618,7
7619,6
7620,7
7621,2
7622,4
7623,1
7624,2
7625,7
7626,7
7627,7
7628,4
7629,1
7630,7
7631,7
7632,6
7633,2
7634,9
7635,7
7636,7
7637,4
7638,7
7639,6
7640,6
7641,1
7642,7
7643,6
7644,4
7645,2
7646,7
7647,2
7648,5
7649,7
7650,7
7651,1
7652,5
7653,2
7654,3
7655,4
7656,3
7657,7
7658,7
7659,2
7660,7
7661,3
7662,2
7663,3
7664,1
7665,4
7666,9
7667,6
7668,7
7669,5
7670,2
7671,2
7672,1
7673,5
7674,2
7675,2
7676,1
7677,4
7678,7
7679,7
7680,4
7681,1
7682,5
7683,7
7684,7
7685,2
7686,7
7687,2
7688,2
7689,5
7690,2
7691,2
7692,2
7693,2
7694,7
7695,1
7696,3
7697,2
7698,4
7699,2
7700,7
7701,2
7702,7
7703,2
7704,7
7705,3
7706,7
7707,8
7708,4
7709,5
7710,2
7711,5
7712,2
7713,1
7714,2
7715,7
7716,1
7717,7
7718,1
7719,7
7720,7
7721,1
7722,4
7723,1
7724,7
7725,7
7726,2
7727,4
7728,7
7729,4
7730,6
7731,2
7732,2
7733,7
7734,4
7735,2
7736,5
7737,7
7738,7
7739,2
7740,6
7741,2
7742,4
7743,1
7744,2
7745,7
7746,2
7747,7
7748,2
7749,7
7750,5
7751,2
7752,8
7753,7
7754,2
7755,4
7756,6
7757,1
7758,8
7759,2
7760,7
7761,7
7762,8
7763,2
7764,2
7765,2
7766,3
7767,2
7768,2
7769,3
7770,4
7771,7
7772,2
7773,2
7774,7
7775,1
7776,2
7777,7
7778,7
7779,2
7780,1
7781,2
7782,2
7783,2
7784,2
7785,7
7786,1
7787,3
7788,7
7789,2
7790,3
7791,2
7792,7
7793,7
7794,1
7795,1
7796,7
7797,7
7798,7
7799,2
7800,7
7801,3
7802,7
7803,8
7804,2
7805,2
7806,3
7807,2
7808,2
7809,3
7810,1
7811,7
7812,2
7813,7
7814,7
7815,3
7816,7
7817,7
7818,9
7819,2
7820,7
7821,5
7822,2
7823,2
7824,1
7825,7
7826,7
7827,7
7828,7
7829,2
7830,4
7831,2
7832,2
7833,3
7834,3
7835,7
7836,2
7837,4
7838,1
7839,6
7840,2
7841,2
7842,7
7843,7
7844,1
7845,7
7846,5
7847,2
7848,2
7849,2
7850,4
7851,7
7852,7
7853,5
7854,1
7855,5
7856,7
7857,3
7858,1
7859,6
7860,9
7861,7
7862,2
7863,2
7864,7
7865,1
7866,7
7867,2
7868,2
7869,5
7870,7
7871,2
7872,2
7873,2
7874,2
7875,7
7876,7
7877,6
7878,2
7879,4
7880,2
7881,2
7882,2
7883,2
7884,4
7885,6
7886,2
7887,6
7888,4
7889,2
7890,3
7891,7
7892,2
7893,2
7894,7
7895,7
7896,2
7897,7
7898,2
7899,4
7900,7
7901,7
7902,4
7903,7
7904,5
7905,2
7906,2
7907,2
7908,3
7909,1
7910,7
7911,1
7912,5
7913,7
7914,2
7915,2
7916,2
7917,7
7918,7
7919,2
7920,7
7921,3
7922,7
7923,4
7924,7
7925,2
7926,7
7927,2
7928,6
7929,2
7930,2
7931,7
7932,2
7933,2
7934,4
7935,8
7936,7
7937,6
7938,3
7939,7
7940,7
7941,7
7942,6
7943,7
7944,7
7945,3
7946,7
7947,7
7948,3
7949,3
7950,5
7951,7
7952,7
7953,5
7954,7
7955,2
7956,2
7957,2
7958,2
7959,7
7960,4
7961,4
7962,1
7963,2
7964,2
7965,3
7966,7
7967,2
7968,6
7969,1
7970,3
7971,3
7972,2
7973,9
7974,4
7975,7
7976,3
7977,4
7978,8
7979,7
7980,2
7981,7
7982,1
7983,7
7984,5
7985,3
7986,2
7987,4
7988,7
7989,2
7990,2
7991,6
7992,2
7993,7
7994,4
7995,7
7996,2
7997,7
7998,2
7999,2
8000,1
8001,3
8002,2
8003,7
8004,7
8005,7
8006,2
8007,2
8008,5
8009,7
8010,2
8011,2
8012,1
8013,6
8014,2
8015,7
8016,4
8017,4
8018,4
8019,7
8020,7
8021,4
8022,7
8023,1
8024,7
8025,2
8026,7
8027,3
8028,3
8029,2
8030,3
8031,2
8032,2
8033,1
8034,2
8035,4
8036,2
8037,1
8038,6
8039,7
8040,8
8041,1
8042,2
8043,3
8044,2
8045,7
8046,8
8047,4
8048,5
8049,7
8050,4
8051,7
8052,7
8053,4
8054,2
8055,4
8056,2
8057,9
8058,1
8059,3
8060,7
8061,4
8062,7
8063,2
8064,6
8065,3
8066,2
8067,2
8068,7
8069,7
8070,8
8071,2
8072,7
8073,1
8074,3
8075,7
8076,7
8077,7
8078,2
8079,9
8080,4
8081,2
8082,1
8083,2
8084,2
8085,5
8086,2
8087,7
8088,9
8089,7
8090,2
8091,2
8092,2
8093,6
8094,2
8095,1
8096,7
8097,2
8098,7
8099,7
8100,7
8101,4
8102,7
8103,7
8104,9
8105,7
8106,7
8107,7
8108,1
8109,4
8110,7
8111,3
8112,7
8113,2
8114,2
8115,7
8116,5
8117,2
8118,7
8119,3
8120,7
8121,3
8122,3
8123,3
8124,7
8125,2
8126,3
8127,2
8128,7
8129,7
8130,2
8131,7
8132,7
8133,2
8134,4
8135,5
8136,3
8137,3
8138,2
8139,4
8140,1
8141,2
8142,7
8143,2
8144,4
8145,5
8146,2
8147,1
8148,8
8149,7
8150,7
8151,1
8152,3
8153,3
8154,7
8155,7
8156,8
8157,7
8158,4
8159,4
8160,8
8161,5
8162,9
8163,2
8164,1
8165,7
8166,5
8167,5
8168,2
8169,1
8170,5
8171,3
8172,5
8173,1
8174,7
8175,3
8176,2
8177,7
8178,4
8179,2
8180,3
8181,7
8182,2
8183,1
8184,1
8185,7
8186,5
8187,5
8188,7
8189,8
8190,7
8191,7
8192,7
8193,5
8194,7
8195,2
8196,2
8197,1
8198,4
8199,2
8200,2
8201,2
8202,5
8203,2
8204,8
8205,8
8206,7
8207,3
8208,5
8209,7
8210,7
8211,2
8212,7
8213,7
8214,4
8215,5
8216,7
8217,2
8218,7
8219,7
8220,6
8221,1
8222,3
8223,7
8224,7
8225,8
8226,2
8227,7
8228,5
8229,8
8230,6
8231,1
8232,1
8233,8
8234,7
8235,5
8236,1
8237,7
8238,2
8239,2
8240,2
8241,7
8242,2
8243,2
